Fund Name,P1,P2,P3,P4,P5,Topsis Score,Rank
M1,0.84,0.71,6.7,42.1,12.59,0.734215819268295,2
M2,0.91,0.83,7.0,31.7,10.11,0.9629354229061575,1
M3,0.79,0.62,4.8,46.7,13.23,0.4536032730618851,6
M4,0.78,0.61,6.4,42.4,12.55,0.6772496888285227,3
M5,0.94,0.88,3.6,62.2,16.91,0.2707798715309176,8
M6,0.88,0.77,6.5,51.5,14.91,0.5771526945017958,4
M7,0.66,0.44,5.3,48.9,13.83,0.4306229523589857,7
M8,0.93,0.86,3.4,37.0,10.55,0.5113745540171382,5
